OASIS_ID,Compound_name,Assay_Endpoint,POD_um,POD_um_l,POD_um_u,Bioactivity_POD
OASIS007,Nitrofurazone,gmd,5.910577055266836,5.832580588933201,5.988802715780606,true
OASIS188,Maropitant,gmd,6.044438147776522,5.9016262504865304,6.189340271142363,true
OASIS1788,Nifurtimox,gmd,29.746546668941352,29.054553589666067,30.421699672818747,true
OASIS1455,Gefitinib,gmd,6.643561088399664,6.477624077694283,6.812035065992158,true
OASIS1015,Lansoprazole,gmd,13.91313653936427,13.455211878983421,14.378928307358112,true
OASIS025,Glibenclamide,gmd,45.427936341326266,44.37733871248828,46.47711088053688,true
OASIS1910,Vilazodone (Hydrochloride),gmd,13.334800634893554,12.964783251549498,13.709771566401052,true
OASIS1030,Vismodegib,gmd,37.264267621143155,36.860532780370356,37.6635361814937,true
OASIS1023,Pantoprazole,gmd,45.53082582278021,43.6776015183761,47.40040932651808,true
OASIS1091,Calcitriol,gmd,28.64819105844251,28.126741214423575,29.171992459614348,true
OASIS1456,Rifapentine,gmd,67.76698177002477,66.17510030952629,69.33369900975485,true
OASIS812,Nefazodone,gmd,32.1008973990199,31.01252377601592,33.19116447717723,true
OASIS1351,Rifaximin,gmd,84.9844209843816,84.27452364215247,85.68620419601906,true
OASIS1146,Trazodone,gmd,50.31222450151573,43.89594879280317,57.49535385581133,true
OASIS1045,Furazolidone,gmd,18.116101114097233,17.888005364592573,18.34116731024124,true
OASIS143,Axitinib,gmd,14.438937161297448,14.236914138525188,14.638671376517916,true
OASIS832,Artemisinin,gmd,96.84230363108108,86.38936118433833,108.51377407894569,true
OASIS807,Indocyanine green,gmd,4.237127460537368,4.026896704360019,4.456501615394915,true
OASIS442,Oxyfluorfen,gmd,89.06013454290719,85.0696076981675,93.08467241894657,true
OASIS1891,Istradefylline,gmd,32.360012051094486,30.504950498622268,34.26950737088014,true
,Compound_f92d6120,gmd,32.91928493925686,31.737948702339466,34.12472038440909,true
OASIS540,"N,N-Dicyclohexylcarbodiimide(DCC)",gmd,57.579783957129024,57.120806108877304,58.03554945397322,true
,Compound_5b75fe17,gmd,36.714589139411295,35.391786443355684,38.06589446675468,true
,Compound_f7ec0534,gmd,1.7687740103380996,1.6977825537037856,1.8413092038041883,true
OASIS1396,Apomorphine,gmd,25.355923063657748,24.94006708045772,25.769302120872275,true
,Compound_1f5f6d79,gmd,0.019246388797766883,0.018660334625255254,0.01994638409423665,true
OASIS1735,Finerenone,gmd,88.47506970976885,87.21746566142504,89.72181600133361,true
OASIS1957,Alpelisib,gmd,3.8116117602206656,3.730723531462978,3.893722768516574,true
OASIS1933,Deflazacort,gmd,0.21117616241791948,0.20868163093125836,0.21364579243764278,true
,Compound_fee2a120,gmd,21.31075373553167,21.032370146526326,21.58972485349435,true
OASIS1223,Sildenafil,gmd,29.416651850846392,28.812945485603755,30.019653207363575,true
,Compound_4850ff1d,gmd,8.036908536872495,7.940091713072217,8.133904099250376,true
OASIS1536,Leflunomide,gmd,33.22418118998662,29.44296093494239,37.37502347441376,true
OASIS1824,Sonidegib,gmd,29.106946121745054,28.09622587542304,30.102146097986978,true
OASIS1480,Donepezil,gmd,26.269960407450412,25.571263338475543,26.977836105174056,true
OASIS1917,Fedratinib (hydrochloride hydrate),gmd,6.005665641200223,5.965449671078273,6.045800378841935,true
OASIS1652,Scopolamine (hydrobromide trihydrate),gmd,50.68453890457104,50.1036203845992,51.258230633816844,true
OASIS492,Difenoconazole,gmd,23.92954749295284,23.001606606715384,24.864763478127205,true
OASIS794,Bicalutamide,gmd,28.78004826541459,28.065759875128958,29.502224430195188,true
OASIS104,Puromycin aminonucleoside,gmd,0.4372493837677414,0.4146945755247947,0.46083828769073554,true
OASIS1883,Maralixibat (chloride),gmd,40.529217847761686,39.69748084257083,41.365624080237275,true
OASIS1332,Clotrimazole,gmd,25.690488061351303,24.72419966437872,26.678201620417482,true
OASIS1238,Saquinavir,gmd,14.915130828291089,14.656346440191905,15.175484631183068,true
OASIS928,Tamsulosin,gmd,40.96458657824367,40.18018951709856,41.74750003212711,true
OASIS222,Ingliforib,gmd,0.843790071929843,0.8216191808302096,0.8661592832732661,true
OASIS1770,Bosutinib (hydrate),gmd,4.677951074763767,4.608347086182105,4.747879594700011,true
OASIS249,Benzethonium (chloride),gmd,7.797471262668599,7.651408877371184,7.943745998007244,true
OASIS201,SSR240612,gmd,6.570411054634975,6.486469133585332,6.6535802130721,true
OASIS778,Enfuvirtide,gmd,72.29090333083214,71.16069508999435,73.42187418256358,true
OASIS957,Telithromycin,gmd,20.721655604248827,20.283397904389474,21.161854905308246,true
OASIS1954,Pretomanid,gmd,57.69081999087864,57.05173202122266,58.323821866381266,true
OASIS320,Alpha-Naphthoflavone,gmd,74.78518070317286,73.91016896545293,75.65116295641744,true
OASIS1381,Budesonide,gmd,0.0574137600662493,0.055465912787261866,0.05944371086164981,true
OASIS140,Retinoic acid,gmd,49.19559737344781,39.130206197743355,62.008336432553584,true
OASIS1721,Deoxycholic acid,gmd,52.935602985534054,50.87834540136286,55.0360030690973,true
OASIS979,Cabazitaxel,gmd,0.10847356047618327,0.10189148147181032,0.11556908726612417,true
OASIS023,Chlorpromazine,gmd,34.46394745545767,33.94921760176845,34.979214053433054,true
,Compound_d425b770,gmd,56.00029961327359,54.517508510274745,57.4914952601673,true
,Compound_78597f1e,gmd,27.722120296397346,26.684651637420636,28.78588933614916,true
OASIS1204,Droperidol,gmd,29.981387209244623,29.463915262587726,30.500312502964274,true
OASIS1570,Oseltamivir,gmd,44.2037365300239,43.15280401851916,45.22999436810896,true
OASIS014,Flutamide,gmd,48.145185425643774,47.31909439891158,48.97287349132238,true
OASIS573,"N-Decyl-N,N-dimethyldecan-1-aminium (chloride)",gmd,14.044599990927596,13.771417224436371,14.30919758140283,true
OASIS1509,Prednisolone,gmd,0.03936882235524902,0.03760772237333478,0.04131003487206893,true
OASIS1931,Tofacitinib,gmd,6.773614715206759,6.12844607983493,7.484329683234468,true
OASIS656,Docetaxel,gmd,1.2412252283295009,1.179222260899866,1.3057820288763113,true
OASIS1036,Ziprasidone,gmd,26.013724744575633,25.368887132496965,26.663142831627038,true
OASIS1024,Phentolamine,gmd,36.29621090660959,34.826128307972226,37.75931108491584,true
OASIS1729,Entrectinib,gmd,1.7760695869483594,1.7355326336336492,1.8170466142223431,true
OASIS639,Nomifensine,gmd,57.2337631046072,54.819907846001016,59.66323569873177,true
,Compound_04c8ac4c,gmd,6.124404103949167,5.8328885513167466,6.4264365529312215,true
OASIS1487,Febuxostat,gmd,63.00828215867591,58.79999563289243,67.44943766419973,true
OASIS1936,Benznidazole,gmd,47.65403213456238,46.42582126813419,48.892671645272344,true
OASIS1560,Nocodazole,gmd,0.32175020858911524,0.31443796520650097,0.32908838992418427,true
,Compound_2aa3c71f,gmd,9.299125642572129,9.18884257971467,9.40811437449194,true
OASIS977,Silodosin,gmd,30.06550825844456,29.600053495963877,30.5316630179077,true
OASIS1347,Aceclofenac,gmd,86.5815607158312,85.70472425551377,87.44955769228963,true
,Compound_5c4491cc,gmd,49.137140941146406,47.819870579777294,50.45902093539644,true
OASIS1858,Trilaciclib,gmd,34.978486880512015,34.08668119566203,35.88055440924461,true
OASIS985,Dapsone,gmd,41.07275618982025,37.89840900763374,44.46893086934736,true
OASIS1457,Roxithromycin,gmd,74.35001679917754,73.58098955331464,75.11459907753046,true
OASIS1296,Clofazimine,gmd,6.90642940114699,5.740712439647792,8.32715482797013,true
,Compound_04264751,gmd,51.1554087650808,50.02670271454127,52.295797766656136,true
OASIS1768,Obeticholic acid,gmd,42.38727433700466,38.643400378116155,46.46848656696048,true
OASIS472,Hexaconazole,gmd,82.10059766571405,79.82946271180938,84.3466004100796,true
OASIS1639,Pararosaniline (hydrochloride),gmd,1.734997507107577,1.7188956494350358,1.7508977254644933,true
OASIS1716,Fexinidazole,gmd,43.346617319114166,41.28261427196672,45.47985184038666,true
OASIS1864,(E/Z)-Belinostat,gmd,2.829568558724427,2.6775511403823797,2.989072858033201,true
OASIS1121,Sofalcone,gmd,35.46797929342019,33.20793762266327,37.80774031902897,true
OASIS1790,Abiraterone acetate,gmd,59.77266211731317,57.06249695134555,62.507944148083496,true
OASIS066,Nitrofurantoin,gmd,4.801080450954268,4.706151035429323,4.896760597236945,true
OASIS1739,Cabozantinib,gmd,11.106344418146728,10.735025748523364,11.4861860594959,true
OASIS1473,Lopinavir,gmd,13.948776721280915,13.087262664322566,14.842400575847565,true
OASIS840,Fluvoxamine,gmd,2.8822738228293465,2.8310205424068484,2.9341089520709867,true
OASIS1392,Ambroxol,gmd,41.38232196665049,40.56811969583989,42.19720872272267,true
OASIS1249,Tegaserod,gmd,1.1933759281816492,1.1720014920822888,1.2149655788474214,true
,Compound_5ec2a600,gmd,0.6659408187281582,0.6439159882518216,0.688285429526192,true
OASIS1179,Hexachlorophene,gmd,6.508350577048035,6.40333135314321,6.614208725714223,true
OASIS900,Cisapride,gmd,8.251073856913932,7.885543921513059,8.628403162138195,true
OASIS1745,Ceritinib,gmd,3.359995801798703,3.3332441626492355,3.3867771830940567,true
OASIS955,Aripiprazole,gmd,20.115489481725902,19.64644957485688,20.57034331863958,true
OASIS1355,Lapatinib,gmd,10.92544138580182,10.790920241210125,11.058705139551543,true
OASIS667,Diatrizoic acid,gmd,79.63508543928484,76.50905787120615,82.84660195798378,true
OASIS1302,Fludrocortisone,gmd,0.08644260638859674,0.07819341352902084,0.09576321921091814,true
OASIS1058,Entecavir,gmd,34.265774507603616,30.4642911336126,38.40583960485338,true
OASIS747,Tetracaine,gmd,53.81696646948938,52.78811132168606,54.84241055963833,true
OASIS1872,Ibrutinib,gmd,4.9828693940614865,4.8091632480037365,5.160913433426003,true
OASIS305,Bezafibrate,gmd,46.7313119680109,41.81400206999276,52.08365342707225,true
OASIS1040,Fludarabine,gmd,31.65716779791632,31.02911708421363,32.28382745558891,true
OASIS1272,Clevidipine,gmd,90.48992055277597,88.12968064649048,92.79255569993137,true
OASIS861,Lercanidipine,gmd,34.499064929102886,33.99661667763562,34.997842200342134,true
OASIS1297,Deferoxamine,gmd,11.072548817840135,10.83674464101153,11.310813340468416,true
,Compound_a0ebcfe9,gmd,12.226084425037838,11.933181995865153,12.520003494342927,true
OASIS1444,Troglitazone,gmd,48.171305416297365,45.60984837090133,50.74740071149832,true
OASIS1111,Mifepristone,gmd,12.703560308576021,12.22034286880532,13.197020087975353,true
OASIS650,Rifabutin,gmd,10.470381574420157,10.10922865174698,10.839150076748851,true
OASIS775,Niperotidine,gmd,60.73444723072837,59.864250426915135,61.60355634893881,true
OASIS893,Progesterone,gmd,31.944216148056704,30.391485833535615,33.557928052026504,true
OASIS1754,Tazemetostat,gmd,53.37698688908929,52.75234950196464,53.9937871979473,true
OASIS1756,Nintedanib,gmd,12.929027785502125,12.540766186870302,13.324297597800719,true
OASIS1775,Dapagliflozin,gmd,96.53114595860164,95.4369211108598,97.61377835557967,true
OASIS1802,Voclosporin,gmd,3.5451589976620186,3.421549779982404,3.6721973208782224,true
OASIS557,Fluazinam,gmd,10.732351506549664,10.56120276339368,10.899688519088173,true
OASIS1922,Pralsetinib,gmd,3.450818728262121,3.4167300893925385,3.484936171795947,true
OASIS1860,Aripiprazole Lauroxil,gmd,95.34472790256837,92.46470299944254,98.24501702192707,true
OASIS1495,Abiraterone,gmd,70.0228634710842,53.947509154732906,91.12538893708543,true
OASIS868,Bucillamine,gmd,29.840905564800778,18.440242896031823,48.841319244688876,true
OASIS082,Tacrine,gmd,19.85740418819096,19.3598121436827,20.359008739638146,true
OASIS1897,Voxelotor,gmd,7.522864574788764,7.076138875894146,7.99011545535702,true
OASIS1060,Mitoxantrone,gmd,0.22108781222787613,0.2179303799654948,0.22426337948505942,true
OASIS217,Chlorocresol,gmd,98.988759994362,97.20289277483792,100.78048850521631,true
OASIS822,Terfenadine,gmd,12.289614152623413,12.05107504972594,12.511863136137757,true
OASIS967,Dronedarone,gmd,9.472332287680008,9.322718613241841,9.620161100813567,true
OASIS745,Sunitinib,gmd,3.9903802389914325,3.9553758489980644,4.02544045522819,true
OASIS1712,Copanlisib,gmd,2.4862965882241244,2.4163252340296624,2.558127464662646,true
OASIS1600,Titanocene dichloride,gmd,26.2135560353985,25.73681877817281,26.68837251419599,true
OASIS1265,Alfuzosin,gmd,11.563654320275957,11.201276643079684,11.933328389888922,true
OASIS1206,Etidronic acid,gmd,16.88189882364921,16.51678318012799,17.24891694791426,true
OASIS652,Doxycycline,gmd,67.37227076964294,63.82225095616558,70.95637141759337,true
OASIS219,Esfenvalerate,gmd,53.18751225175866,52.62564723910663,53.74300056075017,true
OASIS105,Hydroxyzine,gmd,16.99935088254218,15.812432176139751,18.235169056377444,true
OASIS1956,Binimetinib,gmd,6.702874636870397,5.541482163686958,8.123393413124173,true
OASIS1945,Relugolix,gmd,41.294135043783285,39.68419266673595,42.91630288743063,true
,Compound_516bb906,gmd,2.511346635751208,2.4938358141892722,2.5287906941373675,true
OASIS987,Ethynodiol diacetate,gmd,64.08250216630061,60.060139844358964,68.33464011429349,true
,Compound_eeba57fe,gmd,51.92380150818986,48.9152772166769,55.021238699392235,true
OASIS123,Chlorothalonil,gmd,9.696771418794345,9.640061873004756,9.75322140490904,true
OASIS1079,Vitamin D2,gmd,65.20932033435601,64.19573023558803,66.21580657448861,true
OASIS640,Oxybutynin,gmd,32.68149080964985,31.85546445239048,33.51411144012477,true
OASIS1836,Ponatinib (hydrochloride),gmd,1.0367287688408868,1.0180876690505094,1.0552518891977278,true
,Compound_4e3771a5,gmd,40.30042138478045,36.72618226845024,44.1967989751025,true
OASIS413,Estragole,gmd,72.93602826710931,69.16255484724906,76.85550564036824,true
OASIS1895,Valbenazine,gmd,32.69714939793232,31.716950912307517,33.68999703733172,true
OASIS337,Desloratadine,gmd,6.593252794829226,6.464921404404318,6.722721827413376,true
OASIS1459,Risperidone,gmd,26.91574033841259,25.778815490218918,28.062923997607918,true
OASIS781,5-Fluorouracil,gmd,18.5405417053413,17.885957414884533,19.20463795883928,true
OASIS387,"2,6-Dichloro-4-nitroaniline",gmd,43.218697548979776,42.2567985203628,44.18733800629171,true
OASIS079,Diltiazem,gmd,8.031634122955369,6.902943171102671,9.319886949190959,true
,Compound_fdb8d1f5,gmd,1.9700959321943976,1.717732879670265,2.262973566179037,true
OASIS720,Levomepromazine,gmd,34.967649608019684,33.522130060241224,36.42816326998325,true
OASIS851,Pirarubicin,gmd,0.2463969698014371,0.2427507243724559,0.25008595960917585,true
OASIS042,Azathioprine,gmd,3.829338194331257,3.6700981390643492,3.9934685115315145,true
OASIS1776,Tivozanib,gmd,15.401446444978355,14.294889370407342,16.56066210507392,true
OASIS1182,Triamterene,gmd,30.428684991188618,29.228186761871843,31.639416427350717,true
OASIS937,Imatinib,gmd,4.526063467998617,4.4550794797588225,4.59642912887172,true
OASIS671,Oxcarbazepine,gmd,53.64438226937748,52.599420465656195,54.689854491036684,true
,Compound_f4ce8b04,gmd,29.97697414561339,28.326510218201456,31.664094925406886,true
OASIS439,Ethofumesate,gmd,90.08840430261989,89.04216455906888,91.1231072530575,true
OASIS1377,Metopimazine,gmd,43.039641959037596,41.65942089271615,44.4198119206292,true
OASIS1287,Amlodipine,gmd,29.37912025017155,28.605960227328225,30.15231869722631,true
OASIS1472,Erlotinib,gmd,3.5050727504422614,3.2598642994977904,3.7676531498063253,true
OASIS030,Imipramine,gmd,26.4104598971321,25.960275954787168,26.858844073182766,true
,Compound_6d31e50a,gmd,11.25411863055635,10.927729353493064,11.572022526843696,true
OASIS1559,Dimenhydrinate,gmd,52.12465521338327,51.40975985571165,52.83078812532978,true
OASIS379,Fipronil,gmd,49.75133778280176,49.242310200658316,50.25468039367901,true
OASIS084,Labetalol,gmd,38.60189659342582,37.727785233738985,39.47970023967992,true
OASIS1842,Ponesimod,gmd,23.772220571165235,22.578906395404964,24.973679355865553,true
OASIS1752,Ribociclib,gmd,8.156187526504715,7.913436532325484,8.402868410834321,true
OASIS1812,Letermovir,gmd,46.54992224642247,45.02154225160382,48.05159221617694,true
OASIS1100,L-Epinephrine,gmd,1.1714598346049183,1.1137200728167724,1.2356768602286148,true
OASIS1225,6-Thioguanine,gmd,0.5711083820616273,0.45937034697860757,0.7137699016427493,true
OASIS725,Perphenazine,gmd,21.84441722190993,21.034979311709428,22.66253022706947,true
,Compound_a166b3a5,gmd,83.03400876369761,80.29090387580781,85.81432566806183,true
OASIS069,Dantrolene,gmd,23.31456933512353,22.35189059095891,24.27358278114911,true
OASIS1240,Valdecoxib,gmd,32.77815248480671,32.01035554178529,33.55115127532916,true
,Compound_36ff3535,gmd,74.6274856747302,71.37219072994827,77.8777636770246,true
OASIS1850,Eicosapentaenoic acid ethyl ester,gmd,90.61450546154929,88.01736997804431,93.18610467059692,true
OASIS632,Melperone,gmd,36.593462238504245,35.585071654587765,37.606110252202754,true
OASIS1912,Vortioxetine,gmd,0.8975852458422452,0.8771404885121921,0.9182814954403431,true
OASIS1349,Nicergoline,gmd,39.391226597855216,38.53121363097878,40.25782178762575,true
OASIS763,Deferasirox,gmd,30.958791230949295,30.514514307780033,31.399309479080753,true
OASIS711,Dydrogesterone,gmd,28.78702255283964,27.839371015049295,29.744301475803088,true
OASIS802,Danazol,gmd,7.575694436333743,7.060147814350405,8.123305245503959,true
OASIS1941,Brilliant blue G-250,gmd,39.970455696496956,38.242422859499236,41.754029127863376,true
OASIS943,Artesunate,gmd,0.9804737352644854,0.9425039314281974,1.0192752339859954,true
OASIS1782,Venetoclax,gmd,28.73885386371669,27.492435153876894,29.978501374438753,true
OASIS1868,Cobimetinib,gmd,9.405792767570974,9.32839171821825,9.483033901830101,true
OASIS1337,Ivermectin,gmd,14.436669518102844,14.189716089607863,14.685332169218643,true
OASIS1320,Piperacetazine,gmd,5.03397910541916,4.801867053856242,5.261502420636691,true
OASIS834,Temsirolimus,gmd,0.3702424231995853,0.3303463052955009,0.4148951211771992,true
OASIS465,3-Iodoprop-2-yn-1-yl butylcarbamate,gmd,17.99295862995876,17.622948925488352,18.365435210589737,true
OASIS637,Nisoldipine,gmd,51.261596094953056,40.63905006835446,64.81984956469995,true
OASIS447,Malathion,gmd,1.4616794403672178,0.9749014045271511,2.259863612807492,true
OASIS662,Trovafloxacin,gmd,58.411241248051866,56.251514629119164,60.54450176344635,true
OASIS1911,Safinamide (mesylate),gmd,32.64302384392715,30.7198499625444,34.61625790882279,true
OASIS1734,Berotralstat (dihydrochloride),gmd,28.189598380399218,27.806026712081398,28.57309919821404,true
OASIS1490,Alpidem,gmd,58.61145778192921,54.525974822438926,62.96098929835831,true
OASIS061,Furosemide,gmd,62.70877629933,61.94070201614667,63.46714031011768,true
,Compound_fcf2b10c,gmd,38.388724947154955,37.3766473797628,39.41382493047323,true
OASIS411,Bifenazate,gmd,3.0211436756927292,2.7867080988855286,3.2703542028396133,true
OASIS934,Ethacrynic acid,gmd,23.383685477161652,22.682779154529083,24.088782169125988,true
OASIS1010,Fenoterol,gmd,0.041840695749966454,0.03919122257994934,0.044966982306061075,true
OASIS1928,Lonafarnib,gmd,10.352801307584073,10.105432168391578,10.602904417985132,true
OASIS1844,Moxidectin,gmd,26.38318919947785,25.837216527485626,26.93071391422195,true
OASIS916,Mycophenolate Mofetil,gmd,39.01663724042906,37.729763403139394,40.32195462326377,true
OASIS1726,Mirabegron,gmd,23.64385965380704,23.261828713622478,24.024471950923104,true
OASIS964,Moxifloxacin,gmd,43.01757503972673,41.51852195031944,44.55024245516582,true
OASIS1577,Efavirenz,gmd,64.83420098488112,63.32268347492934,66.3100290052398,true
OASIS1474,Estramustine,gmd,35.63934222972331,34.318345301812435,36.94369273081426,true
OASIS1877,Sofosbuvir,gmd,14.48843765882237,13.79863544804037,15.204770476696478,true
OASIS791,Amodiaquine,gmd,2.511959871428659,2.376068860271236,2.653457529278648,true
OASIS1137,Beclometasone,gmd,0.27492970480746404,0.16271963582498597,0.6260465242480872,true
,Compound_050ea8a9,gmd,44.98530229767443,42.93705615988812,47.064380353762935,true
OASIS638,Nitrendipine,gmd,50.49837777257473,48.91790090951204,52.10206399037416,true
OASIS532,Diniconazole,gmd,78.49128371253727,77.62016513375463,79.35291920314259,true
OASIS1131,Nitazoxanide,gmd,22.22055665468089,21.91970357475639,22.52221073408011,true
,Compound_622f7d94,gmd,39.73571612042174,39.08101588032316,40.39210091853174,true
OASIS503,Fenhexamid,gmd,76.43537613663149,75.47177967228743,77.3928573474927,true
OASIS1916,Isavuconazonium (sulfate),gmd,21.3437208276441,20.371256145019306,22.333881243614695,true
OASIS1785,Lurbinectedin,gmd,0.01567723438599964,0.0156424193528435,0.015712337962841178,true
OASIS680,Falnidamol,gmd,13.845772398960543,13.65527870830912,14.033829289919382,true
OASIS1282,Reserpine,gmd,32.50182676361436,32.12424212196397,32.874131524612594,true
OASIS890,Finasteride,gmd,29.32225734844513,26.771675907215666,32.03008562158146,true
OASIS1334,Nevirapine,gmd,42.61032450019966,41.53722733190829,43.68736187850541,true
OASIS1315,Nandrolone decanoate,gmd,0.2591933706026011,0.23452576632338612,0.28759847592181254,true
OASIS1504,Mitotane,gmd,77.86188700345947,76.86921069596383,78.84214634383561,true
OASIS004,Ketoconazole,gmd,13.24532082344112,12.920590495739264,13.573017274328505,true
OASIS1129,Vemurafenib,gmd,10.931841225630416,10.429899205135275,11.449304756604075,true
OASIS218,Carbendazim,gmd,64.77050649948359,62.7205369519172,66.83933430257846,true
OASIS1486,Romidepsin,gmd,0.022849779207785977,0.022541788106040992,0.02316982814537388,true
OASIS960,Temocapril,gmd,36.44631179628693,22.02493036689965,61.11931109518728,true
OASIS782,Fluvastatin,gmd,2.719115047407791,2.4289411881586354,3.036476862036762,true
OASIS1892,Monomethyl fumarate,gmd,59.18455142039229,58.11585771554068,60.24684648427276,true
OASIS828,Econazole,gmd,49.31116827661556,46.81065794093729,51.85327595792245,true
OASIS1115,Norepinephrine,gmd,42.67750803395439,40.124488466824516,45.36434577030374,true
OASIS1795,Acalabrutinib,gmd,11.590079374608507,11.39269127316058,11.789312907350457,true
OASIS843,Tiratricol,gmd,94.0239263914458,91.07868303125862,96.9232415480759,true
OASIS785,Metronidazole,gmd,56.11072232246864,55.524276879473454,56.690663505057394,true
OASIS773,Mometasone,gmd,28.55613785931771,27.548127552143555,29.568005853316198,true
OASIS1879,Sarecycline (hydrochloride),gmd,15.74733452060359,15.500500569777508,15.992068926176527,true
OASIS1144,Fipexide,gmd,33.2243763746269,32.83576101169958,33.60754907508376,true
OASIS1779,Avapritinib,gmd,3.565486408851759,3.5181057065265535,3.612472601841673,true
OASIS748,Ezetimibe,gmd,64.71281485301533,64.05559626042366,65.36359977838173,true
OASIS626,Granisetron,gmd,33.26199983836736,32.43992165098697,34.09304248158969,true
OASIS1656,Indole-3-carbinol,gmd,22.58732207564289,21.991712251400916,23.186989711888398,true
OASIS1705,Erdafitinib,gmd,2.6595707283119694,2.6264896380286946,2.6927989739903935,true
OASIS1553,Quetiapine,gmd,30.437388456525472,28.637601161001474,32.28520368738089,true
OASIS689,Rilpivirine,gmd,30.57218800706446,29.736893319609713,31.387760233362933,true
OASIS1837,Naloxegol (oxalate),gmd,19.110076914293522,17.619787715190245,20.71719265609805,true
,Compound_06965c8b,gmd,39.563098024052636,37.81057760475231,41.33129051280499,true
OASIS1915,Fidaxomicin,gmd,30.0367992168782,29.27546132030122,30.798445737142483,true
OASIS274,Nelivaptan,gmd,26.228906701347547,24.888349418891423,27.59348241334275,true
OASIS1794,Fostamatinib,gmd,2.3281475017862148,2.2816310162017,2.3751398881960517,true
OASIS1849,Canagliflozin,gmd,36.478693675174604,35.51634016354293,37.44976104556587,true
OASIS1050,Suloctidil,gmd,14.001955446155913,13.732802804880583,14.27353948941568,true
OASIS867,Tigecycline,gmd,85.54987196119195,83.99217413193553,87.10325916344958,true
OASIS1925,Capmatinib,gmd,21.369490921853014,20.95867299300584,21.784696348661136,true
OASIS1932,Rolapitant,gmd,39.337643316558584,38.12889486254224,40.54534768236463,true
OASIS1853,Baloxavir marboxil,gmd,12.23209774393029,12.015744200013224,12.447798225892077,true
OASIS1184,Acitretin,gmd,39.66249071034604,37.952969202183006,41.36188981954921,true
,Compound_1dccd867,gmd,48.4169396803779,47.21691661519485,49.58480225244553,true
OASIS676,Darunavir,gmd,52.803615329243485,48.621450481445905,57.31074909765736,true
OASIS036,Nifedipine,gmd,30.83577166162651,30.135449188021894,31.535333657554403,true
OASIS1587,Lumiracoxib,gmd,17.336862049421082,11.661667607877895,51.789879179051454,true
OASIS1764,Mobocertinib,gmd,5.152055031239539,5.100620720961896,5.203675218141634,true
OASIS1744,Vandetanib,gmd,0.43056411720998,0.41641916978305893,0.44471183197593417,true
OASIS488,Spirodiclofen,gmd,0.02230857983352866,0.021611789681412703,0.023033620625234924,true
,Compound_dd2e79a8,gmd,51.9407774243711,50.36104078931733,53.489450752582904,true
OASIS535,Climbazole,gmd,49.84389038945106,48.56049097095523,51.143298923102,true
OASIS101,Tannic acid,gmd,16.072340532680016,15.69145805374282,16.45584758716805,true
OASIS330,Î²-Naphthoflavone,gmd,34.04248225585334,21.4710789659899,54.58028231028906,true
OASIS909,Floxuridine,gmd,56.71005492738423,55.75750579170144,57.660067617931595,true
OASIS1757,Ozanimod (hydrochloride),gmd,21.744857303725198,21.100325519714726,22.396455137304446,true
OASIS1632,"2,2,3,3,4,4,5,5,6,6,7,7,8,8,9,9,9-Heptadecafluorononanoic acid",gmd,49.578015259128264,48.21369803774727,50.9615499142243,true
OASIS1280,Hydrocortisone,gmd,0.9227513707893495,0.5253465016875647,2.0062544128055113,true
OASIS1903,Belumosudil,gmd,29.204721491727415,27.777269682137263,30.65421581792564,true
OASIS028,Tamoxifen,gmd,25.390403506621798,24.874763368617607,25.90831499079874,true
OASIS1408,Flecainide,gmd,5.451085710961572,4.957117547186146,5.981515416304297,true
OASIS742,Bexarotene,gmd,36.90969482984748,35.91487544852325,37.91775016975077,true
OASIS160,Darbufelone (mesylate),gmd,26.16237646535966,25.89754738653783,26.42403843978266,true
OASIS1252,Ebastine,gmd,7.958952567102273,7.527936741988354,8.403049824193772,true
,Compound_26a3141a,gmd,46.07991843719474,43.264395030622445,49.04908081502772,true
,Compound_137d81a8,gmd,27.91743917404873,27.477335366398147,28.354769480884002,true
OASIS1951,Encorafenib,gmd,2.8474091916577584,2.8015864273743527,2.893529729083767,true
,Compound_644b7ea0,gmd,5.678447303148482,5.49477649619535,5.865708207146217,true
OASIS901,Clarithromycin,gmd,50.07789602999296,48.82960382214541,51.33599640173095,true
OASIS1413,Josamycin,gmd,39.60279232413057,39.04130049007438,40.1601940618987,true
OASIS1191,Cabergoline,gmd,27.905592662555293,27.45322507527074,28.354258286915673,true
OASIS1900,Rilpivirine (hydrochloride),gmd,40.9626560318726,39.472990264145416,42.45950330797431,true
OASIS1439,Teniposide,gmd,28.784487159397564,27.39570968927696,30.199087601087076,true
OASIS1502,5-Azacytidine,gmd,11.107041889252667,10.761616751724544,11.458405939666179,true
OASIS1061,Dolasetron,gmd,41.85190235497924,40.53835209271638,43.16502964541077,true
OASIS673,Cilnidipine,gmd,35.62691812878076,34.88115553483694,36.37272922748021,true
OASIS797,Buspirone,gmd,20.251040692490335,19.09818537982784,21.459203247346444,true
OASIS1154,Dofetilide,gmd,29.64936567607997,26.290121088287272,33.35391447844155,true
OASIS034,Lomustine,gmd,89.459711574381,87.60428511930371,91.3077761499997,true
OASIS1896,Ivosidenib,gmd,77.21907818405678,74.14079154666786,80.28151892413553,true
OASIS1376,Ebrotidine,gmd,11.813221229939664,11.513821128521109,12.106071217620197,true
OASIS1513,Bithionol,gmd,34.068780856142716,33.39727747403037,34.737864218085335,true
OASIS970,Rivaroxaban,gmd,17.265109618761446,16.194829243239408,18.374712860131176,true
OASIS058,Ticlopidine,gmd,0.08375298571649976,0.07387655318009205,0.09561542267775482,true
OASIS1132,Nelfinavir,gmd,21.403463618136616,21.09068602084548,21.716538511467288,true
OASIS1913,Ticagrelor,gmd,18.297480970305013,17.86760700185734,18.73008340660545,true
OASIS1808,Panobinostat,gmd,0.03431029285781217,0.0332635116719318,0.03541087599173202,true
OASIS1874,Idelalisib,gmd,12.24259006797798,11.906222041501932,12.584401457201894,true
,Compound_efdb9516,gmd,1.9101962664918408,1.8536927303131745,1.967850653036063,true
OASIS1717,Calcifediol,gmd,27.114786279255082,26.62794540876058,27.60404165101601,true
OASIS1880,Gilteritinib,gmd,0.3796106667382073,0.36837277585954287,0.39111115941512076,true
OASIS1784,Flibanserin,gmd,39.691083565009684,37.18053306080403,42.28025538583086,true
OASIS1856,Tucatinib,gmd,87.31359867832865,83.35231227661087,91.39754945777668,true
OASIS1805,Siponimod,gmd,25.526139704153994,23.743822251127934,27.379548895144996,true
,Compound_04892a07,gmd,39.47236792395187,37.65627631851624,41.30836396986168,true
OASIS1710,Telotristat ethyl,gmd,18.03029495288222,17.5134445602854,18.553539378170562,true
OASIS926,Raloxifene,gmd,26.25861106956463,25.840746456921902,26.677631949477583,true
OASIS1758,Omadacycline,gmd,63.63482909772461,60.13046653176058,67.18232938438115,true
OASIS336,Methoxsalen,gmd,47.33780223195655,42.98277107408972,52.0949537430431,true
OASIS1501,Astemizole,gmd,8.55587518753824,8.4403353538014,8.671575602380932,true
OASIS610,Alfacalcidol,gmd,36.36049162184965,35.402048415134786,37.3317001606618,true
OASIS529,4-(tert-Butyl)benzoic acid,gmd,63.08884992511182,60.29718982959855,65.97191550532473,true
OASIS135,Bronopol,gmd,36.38382885584839,34.93044236753197,37.83463921869517,true
OASIS1153,Tacrolimus,gmd,28.135528473934038,27.449513160397313,28.829519667073246,true
OASIS1548,Olanzapine,gmd,45.608365081882155,43.30517489365085,47.947971968822245,true
OASIS1345,Fluspirilene,gmd,24.813994268877643,24.073688805268773,25.55528735095976,true
OASIS1749,Ferric maltol,gmd,17.669579847549247,17.46356872370112,17.872584086264936,true
OASIS011,Cyclosporin A,gmd,3.5913192615809697,3.4826381286517663,3.7024235091013233,true
OASIS501,Famoxadone,gmd,27.25428073358953,26.668822850276428,27.84397967702408,true
OASIS1458,Irsogladine,gmd,55.639603594351286,54.27696226635544,57.00598683257373,true
OASIS049,Quinidine (15% dihydroquinidine),gmd,36.003353174377985,35.18312866248667,36.83116118545831,true
OASIS569,Amiodarone (hydrochloride),gmd,15.624307768190157,15.41791240218323,15.828944805213393,true
OASIS1838,Avanafil,gmd,28.289546963181962,27.087694505104874,29.52511010170928,true
OASIS886,Etravirine,gmd,26.824875366855093,25.895496624917634,27.76087446200093,true
OASIS1171,Anidulafungin,gmd,30.022935305260987,29.6232072674674,30.4175349728283,true
OASIS793,Betaxolol,gmd,8.928791450330253,8.775652385230277,9.080730699827352,true
,Compound_21e5dc8d,gmd,3.872544624434457,3.638174930671522,4.119477019472996,true
OASIS850,Pimecrolimus,gmd,30.386478106940437,29.842988724505,30.92980432563417,true
OASIS1125,Tibolone,gmd,3.2725423252843817,1.5513559234386267,7.655938857620131,true
OASIS1042,Mebendazole,gmd,7.376149793371314,7.039784507679004,7.724173530289137,true
OASIS1067,Prazosin,gmd,27.150351442419858,26.29562972315522,28.00778611346493,true
OASIS006,Coumarin,gmd,41.27680551802834,37.74915873507399,45.095683902424966,true
OASIS1827,Brigatinib,gmd,0.5369425793587429,0.5226406706298362,0.5513389022659477,true
OASIS1893,Selinexor,gmd,0.2721878037207593,0.2561934953213712,0.2891766570064083,true
OASIS1379,Fesoterodine,gmd,14.305000630893815,13.957005586408693,14.656650696475612,true
OASIS1863,Lomitapide (mesylate),gmd,1.1764290080947617,1.1541159833528303,1.1989798045410378,true
OASIS528,"4-(tert-Butyl)benzene-1,2-diol",gmd,64.21727007302106,63.4577901659159,64.96947646819437,true
OASIS1356,Pinacidil,gmd,1.5888059096079465,1.2074631085063166,2.113896927888027,true
,Compound_d60a93f5,gmd,16.658448143914782,16.213879506255964,17.08931216358098,true
OASIS982,Atropine,gmd,39.238755262773445,37.01453831701006,41.567609007235895,true
,Compound_a31ed4f8,gmd,23.181337574448253,22.857927367368017,23.509808376077434,true
OASIS984,Hypericin,gmd,1.0219010545424498,1.0015492411790277,1.0424757109164806,true
OASIS1479,Cinacalcet,gmd,39.531294451057576,39.013291130379805,40.04660651640186,true
OASIS1578,Tadalafil,gmd,48.51457427305002,47.650845199131105,49.37532621629032,true
OASIS045,Methimazole,gmd,0.0974977326530378,0.09012333160145383,0.10577400138885373,true
OASIS354,Benzyl isothiocyanate,gmd,56.6025482042571,55.56180054979165,57.642409929641275,true
OASIS362,Triclosan,gmd,56.68219101998907,56.04643272156835,57.31266663297091,true
OASIS1120,Rapamycin,gmd,0.07801035779287206,0.07355388089101211,0.08280663519273845,true
OASIS1873,Olaparib,gmd,20.40545810949904,19.988994778027113,20.825071718016165,true
OASIS1878,Tenapanor (hydrochloride),gmd,28.87137978801935,27.889840605823697,29.85821434828514,true
OASIS1875,Ixazomib,gmd,0.11881637824198335,0.11639369261583629,0.12128652943706099,true
OASIS1881,Lusutrombopag,gmd,26.084696237740523,25.634529901684292,26.53654817617538,true
,Compound_66f5ba33,gmd,9.348962295396092,9.208085943773922,9.486983871968217,true
OASIS1760,Lorlatinib,gmd,4.98139552945096,4.705062353014045,5.27082246617005,true
,Compound_e5639c90,gmd,46.22264254843712,45.090377606065104,47.32458687300788,true
OASIS1930,Delafloxacin (meglumine),gmd,21.8492861859703,21.2490264727446,22.45575166343949,true
OASIS1418,Mequitazine,gmd,8.686466243161,8.505938061434813,8.869054667206942,true
OASIS1882,Risdiplam,gmd,3.5744000172217074,3.4842430251929377,3.6668768774558025,true
OASIS372,Dibromoacetic acid,gmd,81.576585036332,79.99274128794737,83.16799559682659,true
OASIS480,Penconazole,gmd,58.63843105320406,57.084044794804555,60.19619440372343,true
OASIS1898,Duvelisib,gmd,11.791536919225134,11.424442756129682,12.165515064294489,true
OASIS112,Doxepin (Hydrochloride),gmd,36.796410870778175,36.24017420605721,37.349051210001875,true
OASIS1886,Neratinib,gmd,6.173158367910309,6.024812025616152,6.322888996241212,true
OASIS1870,Deferiprone,gmd,46.32113101306713,44.69552216396003,47.98374174394599,true
OASIS595,Curcumin,gmd,32.49002573710781,31.77582817268672,33.185995232087635,true
OASIS1503,Capsaicin,gmd,29.457801711637075,28.790519629163093,30.126631717931353,true
OASIS622,Etretinate,gmd,27.58802509412471,26.828998809983606,28.329748427395703,true
OASIS1755,Glasdegib,gmd,41.983885732196036,40.85557288566049,43.127011743921514,true
OASIS1344,Indapamide,gmd,28.85953631729567,25.156434790394314,33.09380780977151,true
OASIS126,SSR69071,gmd,23.9374329733843,23.319472611223603,24.558396548200392,true
OASIS1313,Methylprednisolone,gmd,0.04908100315440095,0.041436837217039536,0.0593443066112457,true
OASIS911,Itraconazole,gmd,5.197099094783559,5.002461945597275,5.3961172990053194,true
OASIS590,"N1-Isopropyl-N4-phenylbenzene-1,4-diamine",gmd,21.195756007033026,20.585511138388153,21.815851566588645,true
OASIS1908,Teriflunomide,gmd,2.4184447732679035,1.1121247958389089,7.416362318432589,true
OASIS898,Proguanil,gmd,5.674453391233568,5.538794273953208,5.811686317773205,true
OASIS651,Oxaliplatin,gmd,3.0909797562207126,2.9510330324660234,3.2356104357301447,true
,Compound_96d7185a,gmd,21.774572172167346,20.843098835014327,22.732624490200774,true
OASIS953,Ranolazine,gmd,33.22063438204617,32.60305202437031,33.83670746476464,true
,Compound_d5b63f1f,gmd,72.15296402641856,70.74897213156706,73.55807401685107,true
OASIS1006,Diphenhydramine,gmd,37.92275711165751,37.17902717688433,38.66542545264897,true
OASIS1232,Polythiazide,gmd,49.627312543797395,48.97931864034068,50.27248374129412,true
OASIS597,Cobicistat,gmd,14.84707993185221,14.414694860217162,15.272030370012942,true
OASIS516,"N-(4-fluorophenyl)-N-isopropyl-2-((5-(trifluoromethyl)-1,3,4-thiadiazol-2-yl)oxy)acetamide",gmd,26.37993145568308,26.11681190369233,26.63999934018509,true
OASIS1634,Resveratrol,gmd,88.32877898579622,87.43300067714736,89.21905260520359,true
OASIS1228,Venlafaxine,gmd,88.23465510734687,85.92528255677188,90.48714601845148,true
OASIS1852,Opicapone,gmd,0.20677615828192547,0.1506135531052543,0.31929598773966034,true
OASIS750,Domperidone,gmd,16.00529199281637,15.683817237507501,16.329360800106897,true
OASIS1450,Azithromycin,gmd,6.344188634061969,6.19247292297096,6.498248564512226,true
,Compound_0b860169,gmd,53.31990800510803,52.259780444687074,54.378846102493995,true
OASIS1918,Selpercatinib,gmd,4.545902513930288,4.420865300966862,4.673282248393581,true
,Compound_680618a8,gmd,22.388892476989504,21.806299301290327,22.97442882211286,true
OASIS1859,Umbralisib,gmd,26.779306124346355,26.057367897950538,27.50638987055347,true
OASIS1835,Dacomitinib,gmd,3.435044023460352,3.3935652665174856,3.476738371448029,true
OASIS1449,Atorvastatin,gmd,1.4078867267132686,1.3371527497971318,1.4819397953736309,true
OASIS1829,Pemigatinib,gmd,8.398473159122275,7.8349450188092735,8.981223295473331,true
OASIS456,Prochloraz,gmd,21.963952940510516,21.279407451625975,22.65378301524041,true
OASIS1876,Zanubrutinib,gmd,3.5710769206412394,3.5045075870275637,3.637545216462331,true
OASIS1750,Vorapaxar,gmd,44.63967452222794,44.06423859686338,45.21035625710737,true
OASIS1919,Oritavancin (diphosphate),gmd,22.304519399831648,21.918147231334178,22.68913486636377,true
OASIS1369,Paliperidone,gmd,24.63688409482335,22.9492664878069,26.388228627449156,true
OASIS1488,Pazopanib,gmd,4.838914422549701,4.761038647420614,4.917183528956198,true
OASIS1811,Brexpiprazole,gmd,10.902934444600563,10.686267705303278,11.116318784252313,true
OASIS1531,Fenoprofen,gmd,92.30939306097159,89.86183729605489,94.69652482855462,true
OASIS764,Ritonavir,gmd,19.633848242720806,19.341252245260847,19.92455693362877,true
OASIS1168,Ximelagatran,gmd,45.66032567497145,45.02327113345862,46.29631870654735,true
OASIS1215,Plicamycin,gmd,0.04879508734662469,0.047369007962441353,0.05015220334318181,true
OASIS1781,Baricitinib,gmd,19.78349936741412,19.41295935492553,20.15622249261362,true
OASIS1288,Amoxapine,gmd,19.881304331475235,19.646344183192063,20.112537036822566,true
OASIS744,Irinotecan,gmd,9.825620945829248,9.148345298061866,10.53515563270531,true
OASIS754,Oxyphenbutazone,gmd,1.9329039232890166,1.8385412777130905,2.0303911022968824,true
OASIS1403,Cyproheptadine,gmd,17.44609034830091,15.702698688911138,19.34003525145439,true
OASIS272,CP-532623,gmd,56.37294520772514,54.81611258627898,57.95235881297963,true
OASIS396,Metaflumizone,gmd,80.16469126940291,77.22912595541153,83.11285658341232,true
OASIS323,Piclamilast,gmd,49.847342588532634,47.60233059654802,52.146213707978674,true
OASIS968,Tolvaptan,gmd,46.87269932497961,46.2080938954663,47.530374379443856,true
OASIS1275,Crizotinib,gmd,4.703119183192696,4.63849473271277,4.767689810181146,true
OASIS1950,Infigratinib,gmd,6.8968614597735565,6.681093433068456,7.116324545641633,true
OASIS303,Metoprolol,gmd,88.69110149590081,84.39383597283484,93.04343552068818,true
OASIS1401,Citalopram,gmd,17.867745984362468,17.234072504072387,18.494888870159578,true
OASIS1412,Hydroxychloroquine,gmd,2.316214590565031,2.1384007260975397,2.5053909520986397,true
OASIS1761,Ripretinib,gmd,2.357483362906886,2.2766932688765342,2.4405340448541644,true
OASIS606,Thiabendazole,gmd,58.97667275424766,57.683792012515894,60.27531436339618,true
OASIS1709,Sotorasib (racemate),gmd,7.908919047265466,7.702022936713707,8.118389718661017,true
,Compound_a8277eea,gmd,11.640544421118609,11.357073365897497,11.927196061325109,true
OASIS325,Chlorpyrifos,gmd,20.70006983671691,19.57671548846761,21.87534403947854,true
OASIS1787,Tedizolid (phosphate),gmd,44.22967383413308,42.539076750802465,45.90091332705952,true
OASIS607,Thio-TEPA,gmd,19.52842770500574,17.374125574491128,21.89224294607403,true
,Compound_e88ada59,gmd,19.12492763874988,18.323578508065367,19.93542175828842,true
OASIS1867,Regorafenib,gmd,2.627910615530475,2.497236402381307,2.7632955386200244,true
,Compound_14bca51b,gmd,9.892464948158766,9.407695281941495,10.39773909294209,true
OASIS1839,Lenvatinib,gmd,3.8022623170093524,3.590222506553969,4.01687064337912,true
OASIS1847,Tenofovir alafenamide,gmd,1.5853102667348082,1.4385671174703272,1.7447652936082778,true
OASIS571,Basic green 4,gmd,15.330905344723618,15.17475280105511,15.48692255834154,true
OASIS1869,Cholic acid,gmd,32.68272796978514,31.547997105007255,33.83819384656493,true
OASIS986,DHEA,gmd,10.21402886949431,9.004112462777911,11.590467503703634,true
OASIS1244,Metoclopramide,gmd,82.9858959074724,75.12048750249227,91.6264974498186,true
,Compound_88f6068e,gmd,14.127058520128887,13.897518635005913,14.358767256978613,true
OASIS040,Chlormezanone,gmd,53.106677961350286,51.81773702425082,54.40099573325806,true
OASIS1434,Primaquine,gmd,8.717708564198107,8.432643976770661,9.007764035880946,true
OASIS1952,Abemaciclib,gmd,0.18252574954730238,0.18004918040117443,0.1850241570696351,true
OASIS931,Tolterodine,gmd,40.12313385077035,38.70355029754749,41.54563233449287,true
OASIS1777,Eliglustat,gmd,17.58026894835864,17.119717394574646,18.044899577263728,true
OASIS1097,Diflunisal,gmd,21.874925116298563,20.78722502979559,23.003308630768796,true
OASIS1828,Enasidenib (mesylate),gmd,40.370745362295665,39.645303847530165,41.09141989034391,true
OASIS1736,Rucaparib,gmd,5.199014342516358,5.139052126665222,5.259298721782016,true
,Compound_a1cfdba2,gmd,52.81643796090026,51.291628225645674,54.364389036677466,true
OASIS1049,Diacerein,gmd,32.46502456847505,31.753793301314627,33.1783013645022,true
OASIS419,Azoxystrobin,gmd,15.550564679626634,15.371129934982168,15.729905775766255,true
OASIS1220,Scopolamine,gmd,20.92608170616106,20.070768490406763,21.805143614491968,true
OASIS1044,Dasatinib,gmd,0.016170828241147035,0.016052605018615006,0.016290069700823407,true
OASIS605,6-Mercaptopurine,gmd,0.26424619315852327,0.2582818206468223,0.2703436024763875,true
OASIS1820,Pomalidomide,gmd,63.39115388650506,47.467753276285585,84.97152342016904,true
OASIS1096,Clozapine,gmd,30.8604682883784,30.16613974571109,31.56021909111303,true
,Compound_15eba834,gmd,53.870340981695115,52.500004760606224,55.24803167953131,true
,Compound_e6509093,gmd,0.3950306521041281,0.33066781744217927,0.4820178413957771,true
OASIS122,Diallyl phthalate,gmd,45.442014886665035,44.695940415780385,46.18703747977661,true
OASIS1432,Pimozide,gmd,12.983167838239677,12.613443313521234,13.357773928264228,true
,Compound_567dbb1e,gmd,52.39302634020572,51.39792908840615,53.391946972335454,true
OASIS1778,Pexidartinib,gmd,18.963327115041405,18.372705409539073,19.562947095838386,true
,Compound_255ef47f,gmd,30.734687606411505,30.07293995721515,31.396094529650558,true
OASIS1635,3-Nitropropanoic acid,gmd,19.92103425049312,18.44993108580564,21.498022647673885,true
OASIS1398,Carmustine,gmd,57.85233527296362,53.75433188017336,62.208181365572635,true
OASIS436,Alectinib (Hydrochloride),gmd,0.8125486137144129,0.7835120434074951,0.8423603385016399,true
OASIS888,Azelnidipine,gmd,25.05104332553296,23.98094394637343,26.135487408439314,true
OASIS1009,Felodipine,gmd,25.96270112914457,20.23346658265145,33.420939605687366,true
OASIS1789,Selumetinib,gmd,3.7016250560427277,2.603855615055355,5.311274774170989,true
OASIS1586,Atazanavir,gmd,18.089410468479407,17.144257897310336,19.054535236606323,true
,Compound_ac61b18b,gmd,7.23293565333077,6.975087773362964,7.497906175856055,true
OASIS1081,8-Hydroxyquinoline,gmd,63.176494444746304,58.03585326554288,68.59042334648474,true
OASIS357,"1H,1H,2H,2H-Perfluoro-1-decanol",gmd,75.44551309514718,74.89126126241716,75.99433713965108,true
OASIS1340,Sorafenib,gmd,6.677222063993963,6.574885992603621,6.780358823061753,true
OASIS1740,Ruxolitinib,gmd,18.08176107267744,17.716235125697384,18.450193737587924,true
OASIS995,Amsacrine,gmd,13.491740235045608,13.294325417992884,13.685806742142844,true
OASIS108,Thioacetamide,gmd,23.799907963097226,22.251636336385292,25.43514675019093,true
,Compound_af2d6312,gmd,41.40427712330221,39.81348934045294,43.02654710719009,true
OASIS1268,Tandospirone,gmd,66.72296973178895,61.80660025003564,71.87925864589198,true
OASIS307,Aflatoxin B1,gmd,1.6346808813643716,1.6222582673816925,1.6470884261086527,true
OASIS476,Propiconazole,gmd,88.36109835257733,86.22298175121037,90.46877738274794,true
OASIS657,Everolimus,gmd,1.1991446704965965,1.0739983816500964,1.3365431782190553,true
OASIS1038,Haloperidol,gmd,13.829721740825555,13.517071698131609,14.145303283775279,true
OASIS1843,Pitolisant (hydrochloride),gmd,29.7838780285859,28.470867695526007,31.11581371470211,true
OASIS1382,Ciprofibrate,gmd,0.023442156946469065,0.022711062128446577,0.024203654038156306,true
OASIS073,Griseofulvin,gmd,59.10436564597522,57.84655283494773,60.370446779073376,true
,Compound_f789edad,gmd,59.26183192437294,57.90256488117116,60.63327460012976,true
OASIS1748,Enzalutamide,gmd,59.93357003151529,58.31893035391868,61.53791424924653,true
OASIS940,Bortezomib,gmd,0.02197127053228862,0.0218060825095892,0.02213880105802632,true
,Compound_700a50fe,gmd,26.435570675343612,25.087552805977356,27.80801668259156,true
OASIS1753,Linagliptin,gmd,30.668318922035883,29.51444828591686,31.830632148036692,true
OASIS507,Secnidazole,gmd,47.312919779691974,43.23664483715067,51.65487282379726,true
OASIS1102,Exemestane,gmd,22.683028307765916,22.022173338576867,23.351515012242967,true
OASIS508,Pyriproxyfen,gmd,34.51259874607942,33.48037901278194,35.52386020035005,true
OASIS1772,Afatinib,gmd,0.7038215024914017,0.689720001594637,0.7180676861361419,true
OASIS946,Pranlukast,gmd,56.47259730360061,50.71047509899605,62.832508926079704,true
OASIS027,Disulfiram,gmd,51.33259861963467,50.601545516908594,52.062801816331486,true
OASIS1783,Doravirine,gmd,38.51530278750224,36.11582604231537,41.0405207823304,true
OASIS1549,Paclitaxel,gmd,3.4047354787884143,3.233613035148249,3.582938268096253,true
OASIS060,Colchicine,gmd,0.016324368195210853,0.01628816742040924,0.016361351826844478,true
OASIS1519,Amphotericin B,gmd,90.37089211591663,89.13988981045537,91.5949388526099,true
OASIS762,Glafenine,gmd,60.16091819630256,58.79708787518668,61.5303750680752,true
OASIS302,Loratadine,gmd,24.559692649999647,22.066679495157974,27.269901448742118,true
OASIS1823,Palbociclib,gmd,18.846242797795973,18.392267096648325,19.302129049598218,true
,Compound_c7b43962,gmd,6.6649518101364285,6.270121913037658,7.077650795719549,true
,Compound_21e939ce,gmd,0.7266421021151228,0.6489344617345614,0.810463066105204,true
OASIS1321,Pipobroman,gmd,39.84048512115638,39.002855207274585,40.674641542854495,true
OASIS1304,Fluoxetine,gmd,16.414099050353734,16.2536210280153,16.572352225983483,true
OASIS093,Clomipramine,gmd,30.074442263754907,29.0811758587167,31.069180882153926,true
OASIS1825,Osimertinib,gmd,3.3410147054721677,3.2990568090592447,3.3832646080863586,true
OASIS1213,Nicardipine,gmd,45.573793478755796,41.44262516010724,49.99645112440146,true
OASIS261,Volinanserin,gmd,14.06228296772005,13.104961899691267,15.058092064008424,true
OASIS980,Telaprevir,gmd,24.35028022821193,23.78026032629692,24.906641820283514,true
OASIS005,Tetracycline,gmd,98.76824428573144,97.64001629643278,99.88449229824312,true
,Compound_9a411687,gmd,8.129383188259107,7.946054605671558,8.314504820167826,true
,Compound_a16a83ef,gmd,11.41324356594985,11.242489360865688,11.582304140647274,true
OASIS1402,Cladribine,gmd,1.7579440776261872,1.6462406067808346,1.876343982616523,true
OASIS859,Darifenacin,gmd,23.297090430310554,23.062567810820052,23.528710224335548,true
,Compound_ed9176f4,gmd,10.451581006265942,9.978921421483424,10.941608531661055,true
OASIS1793,Bedaquiline (fumarate),gmd,34.41304325476826,33.53260204608737,35.30142235966539,true
OASIS1728,Diroximel fumarate,gmd,27.428922029218274,26.894938095589517,27.963752518161833,true
OASIS666,Ibufenac,gmd,30.209280826820443,29.646079428670774,30.771133264110585,true
OASIS1112,Nimodipine,gmd,84.01653254654197,81.87905231091358,86.12593936759583,true
OASIS338,Epinastine,gmd,5.716792318288132,5.541452201446439,5.8961235000062295,true
,Compound_26e57091,gmd,15.044575813713672,14.834584876677166,15.250348171196114,true
